,Total,IgM>8.5,IgM<8.5,P value,AvI<0.46,AvI>0.46,P value
RT Region,125,100,32,<0.00001,102,25,<0.00001
SHB Region,50,46,6,<0.00001,32,21,0.0278
Pre-Core Region,7,5,5,1,5,4,0.57548
Core Region,69,59,33,<0.00001,58,31,<0.00001